{"ts":1710770760.323165,"uid":"CDwD176sKv6q05aW5q","id.orig_h":"10.10.3.20","id.orig_p":48949,"id.resp_h":"129.6.15.28","id.resp_p":123,"version":4,"mode":4,"stratum":1,"poll":2048.0,"precision":1e-06,"root_delay":0.066302,"root_disp":0.003303,"ref_id":".NIST.","ref_time":1710770584.700869,"org_time":1710770760.320378,"rec_time":1710770760.321477,"xmt_time":1710770760.321852,"num_exts":0}
{"ts":1710772629.351464,"uid":"CFg3NiDPip54y4WJ4D","id.orig_h":"10.10.3.10","id.orig_p":34781,"id.resp_h":"129.6.15.28","id.resp_p":123,"version":4,"mode":4,"stratum":1,"poll":2048.0,"precision":1e-06,"root_delay":0.063323,"root_disp":0.002389,"ref_id":".NIST.","ref_time":1710772530.750669,"org_time":1710772629.348521,"rec_time":1710772629.349663,"xmt_time":1710772629.350109,"num_exts":0}
